Top pages,Clicks,Impressions,CTR,Position
https://www.burchcontracting.com/,19,998,1.9%,3.25
https://burchcontracting.com/,12,697,1.72%,30.52
https://burchcontracting.com/calculator/garages.html,8,986,0.81%,35.93
https://burchcontracting.com/calculator/porch.html,3,863,0.35%,26.06
https://burchcontracting.com/calculator/decks.html,2,646,0.31%,18.28
https://burchcontracting.com/calculator/additions.html,2,299,0.67%,12.52
https://burchcontracting.com/calculator/bath-remodel.html,1,260,0.38%,8.25
https://burchcontracting.com/garage-builder,1,198,0.51%,31.33
https://burchcontracting.com/calculator/garages,1,179,0.56%,25.88
https://burchcontracting.com/calculator/basement-finishing.html,1,177,0.56%,23.75
https://burchcontracting.com/adu-builder/,1,155,0.65%,23.37
https://burchcontracting.com/outdoor-living/screened-porches/,1,104,0.96%,33.85
https://burchcontracting.com/commercial-upfits/,1,74,1.35%,28.16
https://burchcontracting.com/service-areas/woodruff.html,1,56,1.79%,27.34
https://burchcontracting.com/ada-bath-to-shower/,1,33,3.03%,17.82
https://burchcontracting.com/about.html,1,20,5%,14.85
https://burchcontracting.com/cost/home-addition-cost-greenville-sc,1,8,12.5%,21.75
https://burchcontracting.com/garages/,0,1734,0%,52.54
https://burchcontracting.com/service-areas/simpsonville.html,0,257,0%,39.52
https://burchcontracting.com/service-areas/fountain-inn.html,0,199,0%,22.59
https://burchcontracting.com/service-areas/five-forks.html,0,194,0%,15.93
https://burchcontracting.com/gray-court-sc/deck-builder,0,184,0%,11
https://burchcontracting.com/commercial-roofing/,0,165,0%,39.48
https://burchcontracting.com/calculator/estimate.html,0,138,0%,15.45
https://burchcontracting.com/calculator/decks,0,126,0%,11.4
https://burchcontracting.com/calculator/whole-home-remodel.html,0,102,0%,11.37
https://burchcontracting.com/contact.html,0,98,0%,27.13
https://burchcontracting.com/service-areas/mauldin.html,0,87,0%,19.05
https://burchcontracting.com/outdoor-living/screened-porches,0,83,0%,51.46
https://burchcontracting.com/calculator/covered-patios.html,0,79,0%,13.99
https://burchcontracting.com/outdoor-living/decks/,0,63,0%,49
https://burchcontracting.com/bathroom-remodeling/,0,61,0%,17.85
https://burchcontracting.com/basement-finishing/,0,58,0%,29.79
https://burchcontracting.com/calculator/bath-remodel,0,57,0%,9.49
https://burchcontracting.com/service-areas/gray-court.html,0,57,0%,17.67
https://burchcontracting.com/contact,0,47,0%,27.7
https://burchcontracting.com/ada-compliance/,0,41,0%,34.95
https://burchcontracting.com/services.html,0,35,0%,12.71
https://burchcontracting.com/calculator/ada-bath-shower.html,0,35,0%,16.46
https://burchcontracting.com/additions/,0,30,0%,30.93
https://burchcontracting.com/commercial-upfits,0,27,0%,36.63
https://burchcontracting.com/calculator/additions,0,25,0%,8.32
https://burchcontracting.com/faqs.html,0,25,0%,20.16
https://burchcontracting.com/adu-builder,0,23,0%,22.22
https://burchcontracting.com/cost/room-addition-cost-greenville-sc,0,22,0%,14.73
https://burchcontracting.com/projects.html,0,21,0%,14.62
https://burchcontracting.com/service-areas/greenville.html,0,20,0%,29.5
https://burchcontracting.com/service-areas/greenville,0,13,0%,18.15
https://burchcontracting.com/calculator/basement-finishing,0,13,0%,19.46
https://burchcontracting.com/calculator/whole-home-remodel,0,12,0%,10.25
https://burchcontracting.com/service-areas/fountain-inn,0,12,0%,15.33
https://burchcontracting.com/room-additions,0,11,0%,31.18
https://burchcontracting.com/locations/screened-porch-builder-greenville-sc,0,11,0%,38.36
https://burchcontracting.com/service-areas/laurens.html,0,10,0%,30.8
https://burchcontracting.com/insurance-restoration/,0,10,0%,50.5
https://burchcontracting.com/privacy-policy.html,0,9,0%,32.67
https://burchcontracting.com/remodeling/,0,7,0%,4.43
https://burchcontracting.com/outdoor-living/covered-patios,0,7,0%,10.57
https://burchcontracting.com/outdoor-living/decks,0,7,0%,10.57
https://burchcontracting.com/service-areas/five-forks,0,7,0%,14.71
https://burchcontracting.com/outdoor-living/covered-patios/,0,7,0%,17.71
https://burchcontracting.com/service-areas/gray-court,0,7,0%,25.86
https://burchcontracting.com/calculator/porch,0,6,0%,5.33
https://burchcontracting.com/handyman/,0,6,0%,7.83
https://burchcontracting.com/terms-of-service.html,0,6,0%,20.33
https://burchcontracting.com/calculator/covered-patios,0,5,0%,3.4
https://burchcontracting.com/garages,0,5,0%,7.2
https://burchcontracting.com/calculator/kitchen-remodel.html,0,5,0%,13
https://burchcontracting.com/basement-finishing,0,4,0%,10.75
https://burchcontracting.com/cost/cost-to-build-a-deck-simpsonville-sc,0,4,0%,15
https://burchcontracting.com/services,0,3,0%,6.33
https://burchcontracting.com/kitchen-remodeling,0,3,0%,24.67
https://burchcontracting.com/faqs,0,2,0%,1
https://burchcontracting.com/cost,0,2,0%,6
https://burchcontracting.com/cost/garage-construction-cost-laurens-sc,0,2,0%,9
https://burchcontracting.com/calculator/estimate,0,2,0%,9.5
https://burchcontracting.com/additions,0,2,0%,11.5
https://burchcontracting.com/service-areas/simpsonville,0,2,0%,32.5
https://burchcontracting.com/joanna-sc/deck-builder,0,1,0%,2
https://burchcontracting.com/remodeling,0,1,0%,11
https://burchcontracting.com/service-areas/laurens,0,1,0%,12
https://burchcontracting.com/locations/bath-to-tile-shower-greer-sc,0,1,0%,45