Top queries,Clicks,Impressions,CTR,Position
burch contracting,4,15,26.67%,2.33
general contractors near me,3,15,20%,8.67
bathroom remodel near me,2,3,66.67%,4
bathroom remodel,1,82,1.22%,5.55
burch construction,1,10,10%,37.8
contractor near me,1,3,33.33%,5.33
home addition contractors,1,2,50%,1
renovation,1,2,50%,1.5
garage building contractors near me,1,1,100%,22
garage construction,0,514,0%,61.21
garage estimates,0,138,0%,45.13
garage prices,0,135,0%,67.1
garage builder,0,122,0%,54.2
new garage construction,0,110,0%,82.53
remodeler,0,99,0%,1
general contractor,0,89,0%,1
commercial remodeling contractors,0,77,0%,1
build 2 car garage,0,60,0%,64.33
porch contractor windsor,0,59,0%,59.17
custom garage construction,0,58,0%,84.66
garage calculator,0,50,0%,26.26
cost to build a garage calculator,0,49,0%,31.33
bathroom remodel contractors near me,0,47,0%,1
room addition greenville sc,0,47,0%,23.23
garage addition greenville sc,0,47,0%,27.04
home remodeling contractor manning sc,0,44,0%,36.27
garage building construction,0,44,0%,45.18
detached garage builder,0,44,0%,54.84
garage remodel contractors greenville sc,0,43,0%,23.14
sq ft price for garage,0,43,0%,43.65
garage cost,0,43,0%,51.51
home renovation contractors five forks sc,0,40,0%,11.62
kitchen remodeling company near me,0,39,0%,1
garage builder greenville sc,0,39,0%,17.08
garage renovation greenville sc,0,39,0%,23.38
garage remodel greenville sc,0,39,0%,24
residential garage builder,0,39,0%,68.21
home additions contractor manning sc,0,38,0%,37.55
room addition contractors,0,35,0%,1
porch cost calculator,0,35,0%,42.94
build on my lot simpsonville,0,33,0%,52.85
custom porch simpsonville,0,30,0%,22.33
new garage,0,30,0%,88.97
adu construction greenville,0,29,0%,21.97
bathroom remodeling cost five forks,0,28,0%,3.86
adu builders greenville,0,28,0%,19.36
cost to screen in a deck,0,28,0%,41.71
porch cost estimator,0,27,0%,45.96
bathroom remodeling cost simpsonville,0,26,0%,4.77
general construction laurens county,0,26,0%,9.85
mauldin deck builders,0,26,0%,14.23
deck builder in simpsonville,0,26,0%,18.19
build on your lot simpsonville,0,25,0%,52.6
home renovation companies near me,0,24,0%,1
custom garage builders greenville sc,0,24,0%,23.79
porch construction cost calculator,0,24,0%,24.58
garage building cost estimator,0,24,0%,38.08
deck builder near me five forks sc,0,23,0%,8.17
quote for decking installation,0,23,0%,73.04
home renovation,0,22,0%,1
deck builder mauldin sc,0,22,0%,9.32
fountain inn sc home builder,0,22,0%,40.95
general contractor greenville sc,0,22,0%,44.95
garage additions camden sc,0,22,0%,58.18
decking quotes,0,22,0%,72.59
composite deck cost greenville sc,0,21,0%,9.1
deck builders in mauldin sc,0,21,0%,13.24
deck builders in mauldin,0,21,0%,14.52
deck builder simpsonville,0,21,0%,15.52
commercial roof replacement fountain inn sc,0,21,0%,28.62
commercial roofer fountain inn sc,0,21,0%,32.67
garage addition cost estimator,0,21,0%,37.48
screened in porch installation cost,0,21,0%,44.1
screened in porch cost,0,21,0%,44.71
quote to build a deck,0,21,0%,46.86
home addition cost charleston,0,21,0%,65.81
simpsonville deck builder,0,20,0%,14.15
commercial roofer pelzer sc,0,20,0%,41.4
basement remodeling near me,0,19,0%,1
whole home remodeling near me,0,19,0%,1
detached garage builders near me,0,19,0%,27.11
custom deck construction camden sc,0,19,0%,42.32
deck builder near me simpsonville sc,0,18,0%,18
patio cover price calculator,0,18,0%,29.78
build a garage cost estimator,0,18,0%,34.78
cost to add a screened in porch,0,18,0%,45.83
garage pricing per square foot,0,18,0%,55.83
commercial tenant improvement,0,18,0%,66.56
deck cost greenville sc,0,17,0%,8.76
basement finishing columbia sc,0,17,0%,35.76
custom home builder woodruff sc,0,17,0%,38.06
garage additions lugoff sc,0,17,0%,42.88
"crawl space repair in five forks, sc",0,17,0%,49.88
home remodeling near me,0,16,0%,1
home remodeling services,0,16,0%,1
deck contractors mauldin south carolina,0,16,0%,9.25
how much does a deck cost greenville,0,16,0%,9.81
custom deck five forks,0,16,0%,10.69
deck builder mauldin,0,16,0%,11.75
mauldin deck builder,0,16,0%,12.06
deck builder near me mauldin sc,0,16,0%,13.44
mauldin south carolina deck builders,0,16,0%,14.25
deck builder fountain inn sc,0,16,0%,14.62
bathroom remodeling five forks,0,16,0%,14.75
deck builders mauldin south carolina,0,16,0%,14.81
simpsonville deck builders,0,16,0%,15.25
deck builders mauldin sc,0,16,0%,17.5
"foundation repair in five forks, sc",0,16,0%,23.81
screen porch estimate calculator,0,16,0%,27.31
basement finish cost calculator,0,16,0%,32.06
garage additions columbia sc,0,16,0%,37.31
custom deck construction lugoff sc,0,16,0%,41.75
deck contractors simpsonville south carolina,0,15,0%,14.4
deck builders fountain inn south carolina,0,15,0%,14.8
deck builders simpsonville sc,0,15,0%,14.93
deck builders fountain inn,0,15,0%,15.2
fountain inn south carolina deck builders,0,15,0%,15.27
simpsonville south carolina deck builders,0,15,0%,16.6
detached garage builder near me,0,15,0%,27.6
adu builders,0,15,0%,28.47
basement finishing camden sc,0,15,0%,30.8
basement finishing calculator,0,15,0%,31.2
garage apartment builders,0,15,0%,44.4
garage prices per square foot,0,15,0%,49.2
screen room installation cost,0,15,0%,54.07
build new garage,0,15,0%,60.07
new garage builder,0,15,0%,90.33
bathroom renovation cost,0,14,0%,11.93
deck builders mauldin,0,14,0%,15.5
detached garage cost calculator,0,14,0%,20.79
commercial roofing company fountain inn sc,0,14,0%,34.29
cost finish basement calculator,0,14,0%,36.71
commercial roofing contractor lyman sc,0,14,0%,42.86
home remodeling contractor camden sc,0,14,0%,44.93
deck builder fountain inn,0,13,0%,15.85
deck builders in simpsonville,0,13,0%,16.77
fountain inn deck builders,0,13,0%,16.92
deck contractors fountain inn south carolina,0,13,0%,17.31
commercial roofing five forks sc,0,13,0%,21.38
basement finishing cost calculator,0,13,0%,24.15
commercial roofing contractor fountain inn sc,0,13,0%,33.92
local contractor greenville sc,0,13,0%,35.31
bathroom remodel cost,0,12,0%,11.33
deck builders in fountain inn,0,12,0%,15.58
detached garage builder hilton head sc,0,12,0%,16
simpsonville deck company,0,12,0%,16.83
enclosed porch cost calculator,0,12,0%,18.75
finishing a basement cost calculator,0,12,0%,28.67
basement finishing lugoff sc,0,12,0%,29
general contractors greenville sc,0,12,0%,42.33
home construction services sharon sc,0,12,0%,45.75
whole home renovation contractor camden sc,0,12,0%,51.92
commercial roofing florence sc,0,12,0%,65.42
screen porch cost estimator,0,11,0%,6.55
deck builders fountain inn sc,0,11,0%,15.73
deck contractor simpsonville sc,0,11,0%,19.64
porch enclosure builder woodruff,0,11,0%,21.82
ada bathroom remodeling camden sc,0,11,0%,28.91
porch conversion bryan,0,11,0%,42.55
screened in porch contractor camden sc,0,11,0%,49.09
garage framers,0,11,0%,54.73
custom home garage,0,11,0%,87.64
simpsonville deck ideas,0,10,0%,10.4
deck builders simpsonville,0,10,0%,16.5
fountain inn deck builder,0,10,0%,17.5
front porch cost calculator,0,10,0%,28.5
cost to finish basement calculator,0,10,0%,35.3
porch enclosure builder bryan,0,10,0%,35.7
30x30 garage cost,0,10,0%,62.3
deck quote,0,10,0%,67.5
home remodeling,0,9,0%,1
contractors near me,0,9,0%,10.44
deck builder simpsonville sc,0,9,0%,16.56
ada shower conversion,0,9,0%,21.11
deck repairs in simpsonville,0,9,0%,25
master suite additions contractor,0,9,0%,25.33
garage cost estimator,0,9,0%,31.89
ada bathroom remodeling lugoff sc,0,9,0%,33.78
general contractor near me,0,8,0%,10.38
adu builder,0,8,0%,19.12
screened in porch cost calculator,0,8,0%,22.25
custom garages sharon sc,0,8,0%,36.12
commercial roofing contractor pelzer sc,0,8,0%,45.25
garage builders york county sc,0,8,0%,49.88
price of garage,0,8,0%,51.88
garage construction fort mill sc,0,8,0%,65.62
garage price,0,8,0%,66
get a quote for decking,0,8,0%,68.62
bocce ball court contractor south carolina,0,7,0%,1
"deck builder in simpsonville, sc 29680",0,7,0%,18.14
deck builders simpsonville south carolina,0,7,0%,18.86
fountain inn deck company,0,7,0%,19.57
finishing a basement calculator,0,7,0%,25.29
detached garage cost estimator,0,7,0%,25.43
garage construction cost calculator,0,7,0%,26.71
garage cost calculator,0,7,0%,27.14
local contractors greenville sc,0,7,0%,35.14
porch enclosure contractor bryan,0,7,0%,41.43
commercial roof replacement pelzer sc,0,7,0%,42.14
attached garage builder,0,7,0%,43
how much is it to build a screened in porch,0,7,0%,44.29
commercial roof replacement lyman sc,0,7,0%,44.57
ada bathroom remodeling columbia sc,0,7,0%,45.71
build a garage,0,7,0%,45.86
how much is a garage,0,7,0%,48.43
commercial tenant improvement contractors,0,7,0%,53.29
detached garage contractors,0,7,0%,54.43
deck building quote,0,7,0%,67.14
contractor,0,6,0%,3.33
home addition contractors near me,0,6,0%,4.33
deck installation cost greenville sc,0,6,0%,7.83
bathroom renovation cost greenville,0,6,0%,10.33
simpsonville deck installation,0,6,0%,12.33
home additions simpsonville sc,0,6,0%,14.17
local contractors simpsonville sc,0,6,0%,16.67
room addition design greenville,0,6,0%,20.5
bathroom tile contractor simpsonville sc,0,6,0%,22.33
how much does a garage cost,0,6,0%,22.5
shower to tub conversion cost calculator,0,6,0%,22.67
shower tile contractors simpsonville sc,0,6,0%,24.5
bathroom simpsonville sc,0,6,0%,25.5
garage builders sharon sc,0,6,0%,31.83
one day tub to shower conversion cost calculator,0,6,0%,32.17
sunroom builder woodruff,0,6,0%,36.33
2 car garage prices near me,0,6,0%,39
detached garage anderson sc,0,6,0%,40.33
"screened porch builder greenville, sc",0,6,0%,41.33
cost of garage,0,6,0%,43
screened porch cost,0,6,0%,44
commercial roofing company duncan sc,0,6,0%,45.17
commercial roof repair in duncan sc,0,6,0%,45.5
general contractor south carolina,0,6,0%,51.17
detached garage builders salisbury,0,6,0%,51.83
adu builder isle of palms,0,6,0%,54.5
sunroom cost calculator,0,6,0%,54.67
custom garages york county sc,0,6,0%,55.33
screened in porch builders camden sc,0,6,0%,55.33
adu builders lake murray,0,6,0%,63.17
garage builders near me with prices,0,6,0%,63.67
mauldin deck company,0,5,0%,12.4
remodeling company simpsonville sc,0,5,0%,13.2
how much does a deck cost in sc,0,5,0%,13.6
bath remodel,0,5,0%,15.8
residential contractor simpsonville sc,0,5,0%,16.4
deck contractor in simpsonville,0,5,0%,17
construction company near me,0,5,0%,17.2
porch enclosure contractor woodruff,0,5,0%,21.8
patio enclosure contractor woodruff,0,5,0%,23.8
garage construction cost estimator,0,5,0%,31.4
commercial roofer five forks sc,0,5,0%,32.2
adu contractors near me,0,5,0%,33.4
garage estimator,0,5,0%,35.6
patio enclosure builder woodruff,0,5,0%,35.6
new porch estimate,0,5,0%,36.8
deck builders near me prices,0,5,0%,37.4
garage estimate,0,5,0%,38.6
retaining wall five forks sc,0,5,0%,40.8
how much does a 20x20 screened in porch cost,0,5,0%,41.6
cost of screening in a porch,0,5,0%,43.2
garage contractors anderson sc,0,5,0%,43.2
sunroom price calculator,0,5,0%,44.2
contractors in south carolina,0,5,0%,44.4
garage construction in burke,0,5,0%,45.2
porch enclosure builder sunset beach,0,5,0%,45.4
adu contractor near me,0,5,0%,49.8
oversized garage construction,0,5,0%,53.4
general contractors in florence sc,0,5,0%,54
deck builder pinopolis sc,0,5,0%,55
residential garage,0,5,0%,57
garage apartment builders near me,0,5,0%,58.8
prices for garages,0,5,0%,59.4
builders garage,0,5,0%,62
light commercial fit up,0,5,0%,71
porch enclosure builder,0,5,0%,72.4
brick garage builders,0,5,0%,94.4
remodeling,0,4,0%,1.25
burch,0,4,0%,3.75
local contractor simpsonville sc,0,4,0%,15.25
residential contractors simpsonville sc,0,4,0%,16
residential general contractor,0,4,0%,17
garage builders upstate sc,0,4,0%,19.75
"basement waterproofing in five forks, sc",0,4,0%,20.75
shower tile contractor simpsonville sc,0,4,0%,22.5
general contractor simpsonville sc,0,4,0%,24
deck company in simpsonville,0,4,0%,28.25
basement finishing services piedmont sc,0,4,0%,31.25
finish basement calculator,0,4,0%,32.5
house renovations simpsonville sc,0,4,0%,33
screen porch cost per sq ft,0,4,0%,34.75
custom garage builders,0,4,0%,35.5
cost to finish a basement calculator,0,4,0%,36
home addition cost greenville,0,4,0%,39.5
cost of screening in a deck,0,4,0%,40.5
screened porch cost asheville,0,4,0%,41.25
detached garage contractor,0,4,0%,41.5
home renovations upstate sc,0,4,0%,41.75
porch cost per square foot,0,4,0%,42.25
cost to build small screened porch,0,4,0%,42.75
contractors for drywall installation mauldin sc,0,4,0%,45.25
garage additions anderson sc,0,4,0%,46.75
how much does a 20x20 screened-in porch cost,0,4,0%,47
how much to build a screened patio,0,4,0%,49.5
construction companies south carolina,0,4,0%,50
estimate to build a garage,0,4,0%,50.25
contractor to build a garage,0,4,0%,50.5
contractors south carolina,0,4,0%,52.25
attached garage construction,0,4,0%,53.5
benefits of general contractor upstate sc,0,4,0%,53.5
cost to convert screened porch to sunroom,0,4,0%,53.75
new garage build,0,4,0%,54.25
garage builders prices,0,4,0%,54.75
build on your land simpsonville,0,4,0%,55.75
garage quote,0,4,0%,55.75
automotive garage construction,0,4,0%,58.5
attached garages,0,4,0%,59.75
garage addition near me,0,4,0%,66
basement remodel contractors,0,4,0%,77.75
general contractor manning sc,0,3,0%,1
residential structural repair contractors near me,0,3,0%,1
shower installation,0,3,0%,1
residential contractors near me,0,3,0%,5.33
house contractors in my area,0,3,0%,7
labor cost to build a deck per square foot near me,0,3,0%,7.67
building contractors,0,3,0%,8
simpsonville deck contractors,0,3,0%,11.33
licensed contractors near me,0,3,0%,11.67
adu contractor,0,3,0%,19.67
bathroom remodel simpsonville sc,0,3,0%,19.67
bathroom tile contractors simpsonville sc,0,3,0%,24
construction companies near me,0,3,0%,24
custom home builder five forks sc,0,3,0%,25.33
patio roof cost calculator,0,3,0%,25.33
garage building costs calculator,0,3,0%,27.67
adu builder mount pleasant,0,3,0%,29.33
local contractors in my area,0,3,0%,29.33
cost to convert deck to screened porch,0,3,0%,30.33
estimate for screened in porch,0,3,0%,32.33
general contractors in upstate sc,0,3,0%,32.67
master suite contractor,0,3,0%,33.67
porch enclosure builder kure beach,0,3,0%,34
screened porch renovation cost,0,3,0%,34.33
"home inspector gray court, sc",0,3,0%,35
garage builder easley sc,0,3,0%,35.33
adu company mount pleasant,0,3,0%,36
adu contractor awendaw,0,3,0%,36.33
cost to build a screen porch,0,3,0%,38
garage builder near me,0,3,0%,38
cost to build a screened in porch with roof,0,3,0%,38.33
cost of a screened in porch per square foot,0,3,0%,40
garage design rock hill sc,0,3,0%,40.33
how much does a screened in porch cost,0,3,0%,40.33
porch enclosure builder holden beach,0,3,0%,40.33
install simpsonville sc,0,3,0%,41
accessible shower conversion,0,3,0%,41.33
adu design greenville,0,3,0%,41.67
garage apartment addition near me,0,3,0%,43.67
porch enclosure contractor holden beach,0,3,0%,44
cost to build a screened in porch,0,3,0%,44.33
garage addition cost,0,3,0%,45
cost to build on your lot south carolina,0,3,0%,46.33
cost to install screen porch,0,3,0%,48
contractors in greenville sc,0,3,0%,48.33
commercial roofing contractor okatie sc,0,3,0%,48.67
3 car garage prices,0,3,0%,49
general contractors south carolina,0,3,0%,49
average cost of garage,0,3,0%,49.33
commercial roofing lyman sc,0,3,0%,49.33
cost garage,0,3,0%,49.67
price to build a detached garage,0,3,0%,50.67
greenville sc general contractors,0,3,0%,51
price to build a garage,0,3,0%,52.33
home construction services york county sc,0,3,0%,53
construction sc,0,3,0%,54.67
home builders laurens sc,0,3,0%,55
brick garage construction,0,3,0%,56
3 car garage builders near me,0,3,0%,58.33
garages construction,0,3,0%,61.67
burch storm window repair,0,3,0%,64.33
home renovation contractors greer sc,0,3,0%,66.33
build garage near me,0,3,0%,74
residential garage construction,0,3,0%,75
garage builders with financing,0,3,0%,84
garage builders georgetown,0,3,0%,84.33
garage packages near me,0,3,0%,86.67
general contractors in south carolina,0,3,0%,86.67
aging in place contractors near me,0,2,0%,1
bathroom remodeling company,0,2,0%,1
custom bathroom remodeling,0,2,0%,1
general contractor bishopville sc,0,2,0%,1
local business near me,0,2,0%,2
building contractors near me,0,2,0%,6
yes,0,2,0%,6
license contractors near me,0,2,0%,11
licensed contractor near me,0,2,0%,11
remodeling contractor simpsonville sc,0,2,0%,12
remodeling contractors simpsonville sc,0,2,0%,12
whole home renovation greenville sc,0,2,0%,12
remodeling companies simpsonville sc,0,2,0%,13
garage builder hilton head sc,0,2,0%,13.5
full service home improvement contractor roebuck sc,0,2,0%,17
shower replacement simpsonville,0,2,0%,21
professional home renovation contractor services roebuck sc,0,2,0%,23
screen porch builders ada,0,2,0%,23
screened porch cost calculator,0,2,0%,23
adu builder mcclellanville,0,2,0%,25
cost of finishing a basement calculator,0,2,0%,25
garage build cost calculator,0,2,0%,25
covered patio cost estimator,0,2,0%,25.5
detached garage contractors near me,0,2,0%,25.5
house extension cost spartanburg,0,2,0%,26
master suite addition contractor,0,2,0%,26
garage price calculator,0,2,0%,26.5
screened-in porch cost calculator,0,2,0%,26.5
house renovation simpsonville sc,0,2,0%,27
screened in porch cost estimator,0,2,0%,28
adu contractor mcclellanville,0,2,0%,28.5
contractors in sc,0,2,0%,28.5
remodeling simpsonville sc,0,2,0%,28.5
general contractor orangeburg sc,0,2,0%,29.5
cost of basement finishing calculator,0,2,0%,31
chas burch,0,2,0%,32
finishing basement calculator,0,2,0%,32.5
custom home builder mauldin sc,0,2,0%,33.5
garage addition cost calculator,0,2,0%,33.5
garage price estimator,0,2,0%,34
cost of building a screened in porch,0,2,0%,36.5
cost to build screened in porch,0,2,0%,37.5
porch enclosure builder buxton,0,2,0%,38
cost of screened in porch per square foot,0,2,0%,38.5
home improvement contractor greenville sc,0,2,0%,38.5
garage building estimate,0,2,0%,39
garage construction cost per square foot,0,2,0%,39
sc general contractors,0,2,0%,39
affordable garages,0,2,0%,39.5
cost to build a screened porch,0,2,0%,39.5
garage apartment construction,0,2,0%,39.5
top interior commercial contractors sc,0,2,0%,39.5
12x16 screened porch cost,0,2,0%,40.5
garage cost per sq ft,0,2,0%,40.5
sunroom contractor woodruff,0,2,0%,40.5
basement remodel greenville sc,0,2,0%,41
front porch cost estimator,0,2,0%,41
how much for a garage,0,2,0%,41.5
cost to build a screened porch addition,0,2,0%,42
average cost for screened in porch,0,2,0%,42.5
building cost estimator garage,0,2,0%,42.5
garage design professional rock hill sc,0,2,0%,42.5
garage addition charleston sc,0,2,0%,43
commercial roofing contractor berea sc,0,2,0%,43.5
how much does a 3 car garage cost,0,2,0%,44
screen in porch cost,0,2,0%,44
screen porch cost,0,2,0%,44.5
adu company mcclellanville,0,2,0%,45
how much does a screened in porch cost to build,0,2,0%,45
master bedroom addition decatur,0,2,0%,45
contractors greenville sc,0,2,0%,45.5
how much to build a screened in porch,0,2,0%,45.5
deck builder cost hendersonville,0,2,0%,46
garage workshop builder in anderson county,0,2,0%,47
screened in deck cost,0,2,0%,47.5
garage addition price,0,2,0%,48
garage construction estimate,0,2,0%,48
home building services sharon sc,0,2,0%,49
car garage prices,0,2,0%,49.5
convert screen porch to sunroom cost,0,2,0%,49.5
price of a garage,0,2,0%,49.5
tenant upfit,0,2,0%,49.5
garage costs,0,2,0%,50
screened deck cost,0,2,0%,50
wall construction inman sc,0,2,0%,50
cost of a garage,0,2,0%,50.5
how much does it cost to build a screen room,0,2,0%,51
how much is it to build a garage,0,2,0%,51
cost to convert screened in porch to sunroom,0,2,0%,52.5
detached garages construction,0,2,0%,52.5
residential contractors in greenville sc,0,2,0%,53
detached garage prices,0,2,0%,53.5
how much does it cost for a garage,0,2,0%,55
custom garage installation seneca,0,2,0%,56
3 car garage builders,0,2,0%,57.5
garage prices to build,0,2,0%,59
convert porch into living space cost,0,2,0%,59.5
detached garage construction,0,2,0%,59.5
how much does it cost to build a detached garage,0,2,0%,59.5
commercial tenant improvement contractor,0,2,0%,60
price for garage,0,2,0%,60
commercial fit up,0,2,0%,60.5
framing contractor south carolina,0,2,0%,60.5
build a new garage,0,2,0%,62
brush construction,0,2,0%,65.5
garages build,0,2,0%,66.5
construction companies in sc,0,2,0%,67.5
buzz construction,0,2,0%,68.5
cheap garages to build,0,2,0%,70.5
screened in porch builders lugoff sc,0,2,0%,71
ada ramp construction longs sc,0,2,0%,76
garages built on your lot,0,2,0%,81
interior construction contractor,0,2,0%,90
bath remodeling near me,0,1,0%,1
bathroom remodeling,0,1,0%,1
bathroom renovation near me,0,1,0%,1
bathroom renovations near me,0,1,0%,1
commercial contractors near me,0,1,0%,1
construction companies greenville sc,0,1,0%,1
custom home remodeling,0,1,0%,1
family-owned contractors,0,1,0%,1
female general contractors near me,0,1,0%,1
general contractor services,0,1,0%,1
home remodel designers near me,0,1,0%,1
house renovation,0,1,0%,1
licensed home repair contractors near me,0,1,0%,1
reasonable contractors near me,0,1,0%,1
remodel prices,0,1,0%,1
remodeling contractor,0,1,0%,1
structural repair near me,0,1,0%,1
subfloor,0,1,0%,1
upstate south carolina,0,1,0%,1
housing contractors,0,1,0%,2
in greenville sc,0,1,0%,2
needs renovation,0,1,0%,2
builder contractor,0,1,0%,4
garage prices near me,0,1,0%,4
bathroom remodel cost estimator,0,1,0%,5
construction general contractors near me,0,1,0%,5
garage pricing,0,1,0%,5
residential renovation contractors near me,0,1,0%,5
"who's the most trusted window replacement company in clinton, sc",0,1,0%,5
2 car garage builders near me,0,1,0%,6
cost to build a screened porch in south carolina,0,1,0%,6
retail contracting service,0,1,0%,6
contractor building,0,1,0%,7
burke contracting,0,1,0%,9
contractor near me free estimate,0,1,0%,9
home contractors near me,0,1,0%,9
trex deck builder greenville sc,0,1,0%,9
tub to shower conversion cost near me,0,1,0%,9
jobs in gray court sc,0,1,0%,10
remodeling companies,0,1,0%,10
basement adu builder,0,1,0%,11
bathroom renovation services,0,1,0%,11
remodel contractors,0,1,0%,11
residential contractor,0,1,0%,11
residential contractor near me,0,1,0%,11
room addition cost,0,1,0%,11
wood deck builder greenville sc,0,1,0%,11
bathroom remodel five forks,0,1,0%,12
custom garage builders near me,0,1,0%,12
detached garage cost,0,1,0%,12
garage builders greenville sc,0,1,0%,12
detached garage builders,0,1,0%,13
bathroom remodeling simpsonville,0,1,0%,14
bathroom shower remodel simpsonville,0,1,0%,14
drywall repair near me,0,1,0%,15
bathroom remodel simpsonville,0,1,0%,16
porch builders near me,0,1,0%,17
burch roofing,0,1,0%,20
deck builders,0,1,0%,20
home remodel cost calculator,0,1,0%,20
residential remodeling contractor roebuck sc,0,1,0%,20
best bathroom remodeler near me,0,1,0%,21
burlington screened in porch contractor,0,1,0%,21
handyman in tallahassee fl,0,1,0%,21
kitchen and bathroom remodeling,0,1,0%,21
general contracting services,0,1,0%,22
whole home remodel cost,0,1,0%,22
garage cost estimate calculator,0,1,0%,23
screened in patio cost calculator,0,1,0%,23
high end residential remodeling contractor roebuck sc,0,1,0%,24
room addition contractors the village,0,1,0%,24
garage renovation greer sc,0,1,0%,25
under budget shell construction upfit,0,1,0%,25
whole home remodeling,0,1,0%,25
build in garage,0,1,0%,26
garage apartment builder,0,1,0%,26
garage build calculator,0,1,0%,26
verandah cost calculator,0,1,0%,26
can you give me pictures of,0,1,0%,27
garage extension cost calculator,0,1,0%,27
family owned deck builder sc,0,1,0%,28
garage pricing calculator,0,1,0%,28
deck builder near me,0,1,0%,29
laurens sc roof replacement,0,1,0%,29
small kitchen remodeling five forks,0,1,0%,29
garage building company anderson sc,0,1,0%,30
building a garage cost estimator,0,1,0%,31
garage builders near me,0,1,0%,31
porch enclosure builder hamden,0,1,0%,31
1 car garage cost,0,1,0%,32
countertop contractor simpsonville sc,0,1,0%,32
finished basement cost calculator,0,1,0%,32
how much would a garage cost,0,1,0%,32
convert deck to screened porch cost,0,1,0%,33
garage building calculator,0,1,0%,33
build a garage near me,0,1,0%,34
cost of building a garage calculator,0,1,0%,34
garage build cost estimator,0,1,0%,34
screened porch addition cost,0,1,0%,34
basement calculator,0,1,0%,35
best home improvement companies near me,0,1,0%,35
custom garage company,0,1,0%,35
garage sc,0,1,0%,35
deck labor cost calculator,0,1,0%,36
finished garage cost,0,1,0%,36
four hills master bedroom addition,0,1,0%,36
screen porch installation cost,0,1,0%,36
commercial fitters,0,1,0%,37
home repair fountain inn sc,0,1,0%,37
porch estimate,0,1,0%,37
baruch construction,0,1,0%,38
burse construction,0,1,0%,38
garage apartment construction cost,0,1,0%,38
how much to screen in a deck,0,1,0%,38
cost to build screened in porch on existing deck,0,1,0%,39
garage apartment contractors,0,1,0%,39
master bedroom addition contractor,0,1,0%,39
porch estimate calculator,0,1,0%,39
cost to screen porch,0,1,0%,40
detached garage cost per square foot,0,1,0%,40
general contractors in greenville sc,0,1,0%,40
price to build a screened in porch,0,1,0%,40
500 sqft garage,0,1,0%,41
average cost to screen in a deck,0,1,0%,41
best kitchen remodeler near me,0,1,0%,41
contractors to build garage,0,1,0%,41
drywall repair,0,1,0%,41
home remodeling contractor,0,1,0%,41
house renovation contractor,0,1,0%,41
kitchen remodeling contractors,0,1,0%,41
porch cost,0,1,0%,41
residential construction company,0,1,0%,41
screen porch price per square foot,0,1,0%,41
building a screened in porch cost,0,1,0%,42
car garage construction,0,1,0%,42
cost for screened in porch,0,1,0%,42
cost of garages,0,1,0%,42
cost to build screen porch,0,1,0%,42
general contractor spartanburg sc,0,1,0%,42
how much a garage cost,0,1,0%,42
how much does it cost to screen in a deck,0,1,0%,42
how much would it cost to add a garage,0,1,0%,42
porch enclosure builder carolina beach,0,1,0%,42
residential contractors greenville sc,0,1,0%,42
attached garage builders,0,1,0%,43
build on garage,0,1,0%,43
front porch estimate cost,0,1,0%,43
garage build estimate,0,1,0%,43
garage with apartment builders,0,1,0%,43
how much a porch cost,0,1,0%,43
porch pricing,0,1,0%,43
screen porch estimate,0,1,0%,43
32x32 garage cost,0,1,0%,44
adu builder west ashley,0,1,0%,44
affordable garage builders,0,1,0%,44
attached garage contractors,0,1,0%,44
cost to build screened in deck,0,1,0%,44
cost to rescreen porch,0,1,0%,44
detached 3 car garage cost,0,1,0%,44
garage addition anderson sc,0,1,0%,44
garage apartment cost to build,0,1,0%,44
garage build out,0,1,0%,44
how much does screened porch cost,0,1,0%,44
how much would a screened in porch cost,0,1,0%,44
screen room addition cost,0,1,0%,44
screened in porch costs,0,1,0%,44
"which custom home builders in upstate south carolina offer fixed-price 
contracts?",0,1,0%,44
3 car detached garage cost,0,1,0%,45
cost to build 1 car garage,0,1,0%,45
detached garage near me,0,1,0%,45
how much does a screened in deck cost,0,1,0%,45
how much to add a screened in porch,0,1,0%,45
new house garage,0,1,0%,45
screened porches cost,0,1,0%,45
general contractor in south carolina,0,1,0%,46
general contractors greenville,0,1,0%,46
how much does it cost to build a screened in porch,0,1,0%,46
patio enclosure contractor bryan,0,1,0%,46
porch builders clover,0,1,0%,46
cost of screened in porch with roof,0,1,0%,47
cost of screened porch,0,1,0%,47
cost to screen in porch,0,1,0%,47
deck build quote,0,1,0%,47
garage building services,0,1,0%,47
how much does a screen porch cost,0,1,0%,47
how much does it cost to build screened in porch,0,1,0%,47
master bedroom addition four hills,0,1,0%,47
porch estimates,0,1,0%,47
adu contractors birds landing,0,1,0%,48
contractors that build garages,0,1,0%,48
cost to add screened in porch,0,1,0%,48
how much garage cost,0,1,0%,48
how much to build a three car garage,0,1,0%,48
residential contractor greenville sc,0,1,0%,48
2 car garage additions coral springs,0,1,0%,49
3 car garage cost to build,0,1,0%,49
adu contractor daniel island,0,1,0%,49
bedroom addition walland,0,1,0%,49
burch associates,0,1,0%,49
cost to install screened in porch,0,1,0%,49
cost to screen in deck,0,1,0%,49
general contractor sumter sc,0,1,0%,49
how much does a screen in porch cost,0,1,0%,49
how much does it cost to add a screened porch,0,1,0%,49
screen room cost per square foot,0,1,0%,49
screened in porch cost per square foot,0,1,0%,49
back porch cost,0,1,0%,50
burch plumbing,0,1,0%,50
cost to build enclosed porch,0,1,0%,50
how much does a screened porch cost,0,1,0%,50
how much garage,0,1,0%,50
masonry garage,0,1,0%,50
master bedroom addition hanover,0,1,0%,50
screened in back porch cost,0,1,0%,50
graybrook construction,0,1,0%,51
building attached garage,0,1,0%,52
burchs landscaping,0,1,0%,52
how much it cost to build a garage,0,1,0%,52
price per sq ft to build a garage,0,1,0%,52
average cost to build a screened in porch,0,1,0%,53
cheap garage builders,0,1,0%,53
converting screened porch to sunroom cost,0,1,0%,53
detached garage construction cost,0,1,0%,53
south carolina construction companies,0,1,0%,53
garage installation cost near me,0,1,0%,54
cost per sq ft to build a garage,0,1,0%,55
garage residential,0,1,0%,55
general contractors florence sc,0,1,0%,55
how much for detached garage,0,1,0%,55
500 square feet garage,0,1,0%,56
how much does it cost to build a screened-in porch,0,1,0%,56
quote for deck,0,1,0%,57
who can build a garage near me,0,1,0%,57
cost for screened in patio,0,1,0%,58
how much would it cost to build a garage,0,1,0%,58
price on building a garage,0,1,0%,58
burch's landscaping,0,1,0%,59
cost for single car garage,0,1,0%,59
how much build garage,0,1,0%,59
how much for garage,0,1,0%,59
sc construction companies,0,1,0%,59
30x30 garage building cost,0,1,0%,60
porch to sunroom conversion bryan,0,1,0%,60
2 car garage construction,0,1,0%,61
contractors to build a garage,0,1,0%,61
garage apartment contractor near me,0,1,0%,61
garage building prices,0,1,0%,61
how much will cost to build a garage,0,1,0%,61
how much would it cost to have a garage built,0,1,0%,61
how much does it cost to add a garage,0,1,0%,62
how much will a garage cost to build,0,1,0%,62
prefab garages with living quarters near me,0,1,0%,62
porch builders camden sc,0,1,0%,63
price to build 3 car garage,0,1,0%,63
primary suite contractor,0,1,0%,64
tenant improvement contractor south carolina,0,1,0%,64
construction south carolina,0,1,0%,65
multifamily general contractor south carolina,0,1,0%,65
residential garages,0,1,0%,65
need a garage built,0,1,0%,67
construction florence sc,0,1,0%,68
ada ramp installation longs sc,0,1,0%,69
block garages,0,1,0%,72
free deck estimates near me,0,1,0%,72
detached garage construction companies,0,1,0%,73
institutional construction contractor sc,0,1,0%,75
2 car garage builders,0,1,0%,76
detached garage building,0,1,0%,80
ada door compliance woodstock ga,0,1,0%,81
garages built on your property,0,1,0%,85
food beverage commercial contractor,0,1,0%,89
home addition cost palmyra,0,1,0%,90
construction garage,0,1,0%,92
home remodel estimate calculator,0,1,0%,96
how much does a home addition cost columbia city,0,1,0%,96
blanchard room addition,0,1,0%,97
pre-built garages for sale,0,1,0%,97